ticker,volume,open,close,high,low,window_start,transactions
O:A250221C00125000,2,17.2,17.2,17.2,17.2,1739250000000000000,1
O:A250221C00140000,2,3.6,3.6,3.6,3.6,1739250000000000000,2
O:A250221C00145000,32,1.95,1.15,1.95,1.15,1739250000000000000,8
O:A250221C00150000,260,0.25,0.3,0.3,0.25,1739250000000000000,35
O:AA250620C00022500,5,15.54,15.54,15.54,15.54,1739250000000000000,1
O:AA250620C00025000,9,14,14,14,14,1739250000000000000,2
O:AA250620C00030000,24,9.7,8.7,9.7,8.7,1739250000000000000,8
O:AA250620C00035000,54,6.12,5.39,6.12,5.39,1739250000000000000,26
O:AA250620C00040000,149,3.02,3.14,3.61,3.02,1739250000000000000,39
O:AA250620C00045000,100,1.61,1.7,2.15,1.61,1739250000000000000,7
O:AA250620C00050000,36,0.86,0.9,1.02,0.86,1739250000000000000,8
O:AA250620C00055000,53,0.37,0.55,0.55,0.37,1739250000000000000,3
O:AA250620P00025000,1,0.4,0.4,0.4,0.4,1739250000000000000,1
O:AA250620P00030000,10,1.08,1.15,1.2,1.08,1739250000000000000,6
O:AA250620P00035000,53,2.62,2.59,2.86,2.59,1739250000000000000,15
O:AA250620P00040000,75,5.08,5.21,5.23,5.08,1739250000000000000,6
O:AA250718C00035000,102,6.15,6.08,6.35,5.95,1739250000000000000,8
O:AA250718C00040000,125,3.75,3.55,3.95,3.55,1739250000000000000,11
O:AA250718C00050000,12,1.44,1.24,1.44,1.22,1739250000000000000,3
O:AA250718C00055000,1,0.65,0.65,0.65,0.65,1739250000000000000,1
O:AA250718P00030000,470,1.26,1.4,1.4,1.26,1739250000000000000,23
O:AA250718P00035000,3,3.03,3.03,3.03,3.03,1739250000000000000,1
O:AA250718P00040000,2,5.7,5.7,5.7,5.7,1739250000000000000,1
O:AA250919C00030000,2,10.25,10.25,10.25,10.25,1739250000000000000,1
O:AA250919C00035000,2,7.22,6.75,7.22,6.75,1739250000000000000,2
O:AA250919C00040000,7,4.5,4.35,4.75,4.35,1739250000000000000,5
O:AA250919C00045000,35,3,2.75,3.35,2.75,1739250000000000000,11
O:AA250919C00050000,9,1.82,1.82,1.95,1.82,1739250000000000000,4
O:AA250919C00055000,33,1.27,1.21,1.27,1.2,1739250000000000000,3
O:AA250919C00065000,6,0.45,0.68,0.68,0.45,1739250000000000000,2
O:AA250919P00020000,18,0.3,0.3,0.3,0.3,1739250000000000000,3
O:AA250919P00022500,18,0.46,0.46,0.46,0.46,1739250000000000000,3
O:AA250919P00025000,1,0.75,0.75,0.75,0.75,1739250000000000000,1
O:AA250919P00030000,3,1.79,1.77,1.79,1.77,1739250000000000000,2
O:AA250919P00035000,21,3.28,3.55,3.65,3.28,1739250000000000000,9
O:AA260116C00015000,1,23.45,23.45,23.45,23.45,1739250000000000000,1
O:AA260116C00020000,3,18.5,18.5,18.5,18.5,1739250000000000000,1
O:AA260116C00035000,33,8.1,8.1,8.48,7.72,1739250000000000000,5
O:AA260116C00040000,307,6.1,5.74,6.5,5.74,1739250000000000000,58
O:AA260116C00045000,91,4.15,4.25,4.4,4.15,1739250000000000000,30
O:AA260116C00050000,9,2.72,3.04,3.14,2.72,1739250000000000000,4
O:AA260116C00055000,8,2.27,2.26,2.27,2.26,1739250000000000000,3
O:AA260116C00060000,2,1.38,1.38,1.38,1.38,1739250000000000000,1
O:AA260116C00065000,7,0.88,1.07,1.16,0.88,1739250000000000000,5
O:AA260116P00015000,2,0.2,0.2,0.2,0.2,1739250000000000000,1
O:AA260116P00020000,2,0.54,0.55,0.55,0.54,1739250000000000000,2
O:AA260116P00025000,527,1.24,1.35,1.35,1.24,1739250000000000000,5
O:AA260116P00030000,2,2.62,2.65,2.65,2.62,1739250000000000000,2
O:AA260116P00035000,138,4.8,4.55,4.8,4.55,1739250000000000000,28
O:AA260116P00040000,3,7.05,7.3,7.3,7.05,1739250000000000000,3
O:AA261218C00025000,3,16.53,16.53,16.53,16.53,1739250000000000000,1
O:AA261218C00030000,10,13.4,13.4,13.4,13.4,1739250000000000000,1
O:AA261218C00035000,1,12,12,12,12,1739250000000000000,1
O:AA261218P00025000,10,2.5,2.5,2.5,2.5,1739250000000000000,1
O:AAP250307P00050000,1,5.9,5.9,5.9,5.9,1739250000000000000,1
O:AAP250314C00046000,2,3.52,3.52,3.52,3.52,1739250000000000000,1
O:AAP250314C00050000,1,2.41,2.41,2.41,2.41,1739250000000000000,1
O:AAP250314C00053000,3,1.3,1.3,1.3,1.3,1739250000000000000,1
O:AAP250314C00054000,1,1.06,1.06,1.06,1.06,1739250000000000000,1
O:AAP250314P00035000,20,0.5,0.5,0.5,0.5,1739250000000000000,1
O:AAP250314P00038000,1,0.99,0.99,0.99,0.99,1739250000000000000,1
O:AAP250314P00044000,2,3.45,3.45,3.45,3.45,1739250000000000000,1
O:AAP250314P00045000,4,3.7,3.7,3.7,3.7,1739250000000000000,4
O:AAP250314P00050000,1,6.4,6.4,6.4,6.4,1739250000000000000,1
O:AAP250321C00040000,15,7.07,8.4,8.4,7.07,1739250000000000000,5
O:AAP250321C00045000,27,4.09,5.2,5.2,4.09,1739250000000000000,9
O:AAP250321C00047500,76,2.86,3.65,3.65,2.86,1739250000000000000,16
O:AAP250321C00050000,10,2,2.81,2.81,2,1739250000000000000,3
O:AAP250321C00052500,4,1.59,1.75,1.75,1.59,1739250000000000000,4
O:AAP250321C00055000,8,1.15,1.31,1.31,1.15,1739250000000000000,4
O:AAP250321C00057500,2,0.74,0.76,0.76,0.74,1739250000000000000,2
O:AAP250321C00060000,34,0.55,0.7,0.74,0.51,1739250000000000000,17
O:AAP250321C00062500,1,0.45,0.45,0.45,0.45,1739250000000000000,1
O:AAP250321C00065000,2,0.3,0.3,0.3,0.3,1739250000000000000,1
O:AAP250321C00085000,50,0.05,0.05,0.05,0.05,1739250000000000000,1
O:AAP250321P00032500,250,0.4,0.4,0.4,0.4,1739250000000000000,8
O:AAP250321P00037500,9,1.2,0.95,1.2,0.95,1739250000000000000,5
O:AAP250321P00040000,32,1.76,1.59,1.94,1.59,1739250000000000000,8
O:AAP250321P00042500,10,2.65,2.39,2.75,2.39,1739250000000000000,8
O:AAP250321P00045000,71,3.8,3.06,4,3.06,1739250000000000000,38
O:AAP250321P00047500,45,5.2,4.35,5.25,4.35,1739250000000000000,12
O:AAP250321P00050000,164,6.8,5.8,7.2,5.76,1739250000000000000,91
O:AAP250321P00052500,3,8.9,7.29,8.9,7.29,1739250000000000000,3
O:AAP250328C00042000,1,5.89,5.89,5.89,5.89,1739250000000000000,1
O:AAP250328C00047000,3,3.97,3.97,3.97,3.97,1739250000000000000,1
O:AAP250328C00055000,1,1.14,1.14,1.14,1.14,1739250000000000000,1
O:AAP250328P00045000,1,4.2,4.2,4.2,4.2,1739250000000000000,1
O:AAP250328P00046000,4,4,4,4,4,1739250000000000000,1
O:AAP250328P00050000,5,6.9,6.6,6.9,6.55,1739250000000000000,3
O:AAP250620C00037500,2,10.86,10.86,10.86,10.86,1739250000000000000,1
O:AAP250620C00042500,59,7.9,7.9,7.9,7.9,1739250000000000000,13
O:AAP250620C00050000,10,4.45,4.45,4.45,4.45,1739250000000000000,3
O:AAP250620C00052500,8,3.9,4.25,4.25,3.86,1739250000000000000,5
O:AAP250620C00055000,9,3.08,3.45,3.45,3.08,1739250000000000000,6
O:AAP250620C00060000,37,2.1,2.5,2.5,2,1739250000000000000,7
O:AAP250620C00070000,1,1.04,1.04,1.04,1.04,1739250000000000000,1
O:AAP250620C00075000,1,0.8,0.8,0.8,0.8,1739250000000000000,1
O:AAP250620C00080000,10,0.55,0.55,0.55,0.55,1739250000000000000,3
O:AAP250620C00085000,2,0.32,0.32,0.32,0.32,1739250000000000000,2
O:AAP250620P00030000,2,1.03,1.03,1.03,1.03,1739250000000000000,1
O:AAP250620P00035000,2,2.1,2.08,2.1,2.08,1739250000000000000,2
O:AAP250620P00037500,16,2.83,2.5,2.83,2.5,1739250000000000000,11
O:AAP250620P00040000,9,3.5,3.6,3.6,3.5,1739250000000000000,4
O:AAP250620P00042500,5,4.62,4.62,4.62,4.62,1739250000000000000,3
O:AAP250620P00045000,5,6.25,5.45,6.25,5.45,1739250000000000000,2
O:AAP250620P00047500,1,7.35,7.35,7.35,7.35,1739250000000000000,1
O:AAP250919C00060000,6,3.5,4,4,3.45,1739250000000000000,3
O:AAP250919C00070000,1,2.02,2.02,2.02,2.02,1739250000000000000,1
O:AAP250919C00075000,1,1.47,1.47,1.47,1.47,1739250000000000000,1
O:AAP250919P00030000,15,1.82,1.9,1.9,1.82,1739250000000000000,3
O:AAP250919P00032500,1,2.5,2.5,2.5,2.5,1739250000000000000,1
O:AAP250919P00047500,2,8.95,8.9,8.95,8.9,1739250000000000000,2
O:AAP250919P00050000,2,10.5,10.45,10.5,10.45,1739250000000000000,2
O:AAP250919P00060000,29,17,17,17,17,1739250000000000000,13
O:AAP260116C00022500,2,23.74,23.74,23.74,23.74,1739250000000000000,1
O:AAP260116C00040000,1,13.3,13.3,13.3,13.3,1739250000000000000,1
O:AAP260116C00050000,2,8,8.45,8.45,8,1739250000000000000,2
O:AAP260116C00060000,1,5.64,5.64,5.64,5.64,1739250000000000000,1
O:AAP260116C00080000,2,2.14,2.26,2.26,2.14,1739250000000000000,2
O:AAP260116C00085000,2,1.91,1.94,1.94,1.91,1739250000000000000,2
O:AAP260116P00022500,7,1.25,1.22,1.31,1.19,1739250000000000000,6
O:AAP260116P00027500,5,2.17,2.23,2.23,2.17,1739250000000000000,4
O:AAP260116P00035000,43,4.3,4.33,4.33,4.3,1739250000000000000,2
O:AAP260116P00040000,49,6.35,6.35,6.35,6.35,1739250000000000000,1
O:AAP270115C00020000,1,27.95,27.95,27.95,27.95,1739250000000000000,1
O:AAPB250221C00028000,5,1,1.25,1.25,1,1739250000000000000,5
O:AAPB250221C00031000,3,0.2,0.2,0.2,0.2,1739250000000000000,2
O:AAPB250221C00032000,2,0.2,0.2,0.2,0.2,1739250000000000000,1
O:AAPB250221C00034000,2,0.3,0.3,0.3,0.3,1739250000000000000,1
O:AAPB250321C00028000,1,1.8,1.8,1.8,1.8,1739250000000000000,1
O:AAPB250321C00030000,2,1.1,1.1,1.1,1.1,1739250000000000000,1
O:AAPB250718C00029000,3,3.6,3.6,3.6,3.6,1739250000000000000,1
O:AAPB250718C00033000,2,2,2,2,2,1739250000000000000,1
O:AAPD250221C00016000,2,0.5,0.5,0.5,0.5,1739250000000000000,1
O:AAPD250321C00017000,1,0.35,0.35,0.35,0.35,1739250000000000000,1
O:AAPD250417P00016000,8,0.7,0.6,0.7,0.6,1739250000000000000,2
O:AAPL250214C00185000,28,48.95,48.95,48.95,48.95,1739250000000000000,1
O:AAPL250214C00190000,30,43.28,43.3,43.9,43.28,1739250000000000000,3
O:AAPL250214C00195000,11,36.65,38,38,36.65,1739250000000000000,2
O:AAPL250214C00200000,66,31.5,33.05,34.9,30.17,1739250000000000000,24
O:AAPL250214C00205000,16,29.25,30,30,29.19,1739250000000000000,5
O:AAPL250214C00207500,4,22.85,26.91,27,22.85,1739250000000000000,4
O:AAPL250214C00210000,58,20.2,22.59,24.85,19.9,1739250000000000000,26
O:AAPL250214C00212500,18,18.05,22.35,22.5,18.05,1739250000000000000,5
O:AAPL250214C00215000,75,15.3,18,19.87,15.03,1739250000000000000,24
O:AAPL250214C00217500,254,13,15.7,17.09,12.85,1739250000000000000,31
O:AAPL250214C00220000,7296,9.79,13,15.5,9.77,1739250000000000000,240
O:AAPL250214C00222500,276,7.25,11,13,7.25,1739250000000000000,112
O:AAPL250214C00225000,5122,4.75,8,10.6,4.75,1739250000000000000,565
O:AAPL250214C00227500,4346,3.05,5.9,8.35,3,1739250000000000000,1195
O:AAPL250214C00230000,44106,1.74,4.05,6.15,1.64,1739250000000000000,8782
O:AAPL250214C00232500,60394,0.95,2.41,4.22,0.85,1739250000000000000,14669
O:AAPL250214C00235000,113969,0.4,1.31,2.67,0.4,1739250000000000000,18683
O:AAPL250214C00237500,37556,0.17,0.62,1.53,0.17,1739250000000000000,9188
O:AAPL250214C00240000,47658,0.1,0.28,0.79,0.09,1739250000000000000,8688
O:AAPL250214C00242500,21063,0.06,0.13,0.38,0.05,1739250000000000000,2336
O:AAPL250214C00245000,20359,0.04,0.07,0.18,0.03,1739250000000000000,1573
O:AAPL250214C00247500,6855,0.03,0.04,0.1,0.03,1739250000000000000,583
O:AAPL250214C00250000,5039,0.01,0.02,0.05,0.01,1739250000000000000,487
O:AAPL250214C00252500,1190,0.02,0.01,0.03,0.01,1739250000000000000,127
O:AAPL250214C00255000,1442,0.02,0.01,0.02,0.01,1739250000000000000,129
O:AAPL250214C00257500,131,0.01,0.01,0.02,0.01,1739250000000000000,45
O:AAPL250214C00260000,141,0.01,0.01,0.01,0.01,1739250000000000000,30
O:AAPL250214C00262500,85,0.01,0.01,0.01,0.01,1739250000000000000,2
O:AAPL250214C00265000,49,0.01,0.01,0.01,0.01,1739250000000000000,9
O:AAPL250214C00267500,50,0.01,0.01,0.01,0.01,1739250000000000000,3
O:AAPL250214C00270000,23,0.01,0.01,0.01,0.01,1739250000000000000,5
O:AAPL250214C00272500,3,0.01,0.01,0.01,0.01,1739250000000000000,1
O:AAPL250214C00275000,5,0.01,0.01,0.01,0.01,1739250000000000000,1
O:AAPL250214C00285000,18,0.01,0.01,0.01,0.01,1739250000000000000,2
O:AAPL250214C00290000,3,0.01,0.01,0.01,0.01,1739250000000000000,2
O:AAPL250214C00305000,3,0.01,0.01,0.01,0.01,1739250000000000000,1
O:AAPL250214P00180000,5,0.01,0.01,0.01,0.01,1739250000000000000,1
O:AAPL250214P00185000,189,0.02,0.01,0.02,0.01,1739250000000000000,23
O:AAPL250214P00190000,648,0.03,0.01,0.03,0.01,1739250000000000000,71
O:AAPL250214P00195000,101,0.03,0.01,0.03,0.01,1739250000000000000,28
O:AAPL250214P00200000,1411,0.04,0.02,0.04,0.02,1739250000000000000,108
O:AAPL250214P00202500,203,0.04,0.02,0.04,0.02,1739250000000000000,24
O:AAPL250214P00205000,215,0.04,0.03,0.05,0.02,1739250000000000000,88
O:AAPL250214P00207500,251,0.05,0.03,0.06,0.02,1739250000000000000,65
O:AAPL250214P00210000,738,0.06,0.04,0.08,0.03,1739250000000000000,167
O:AAPL250214P00212500,888,0.09,0.04,0.09,0.04,1739250000000000000,86
O:AAPL250214P00215000,1962,0.15,0.05,0.19,0.05,1739250000000000000,361
O:AAPL250214P00217500,1581,0.27,0.07,0.27,0.06,1739250000000000000,373
O:AAPL250214P00220000,8176,0.48,0.11,0.48,0.09,1739250000000000000,1416
O:AAPL250214P00222500,7962,0.77,0.18,0.8,0.13,1739250000000000000,1690
O:AAPL250214P00225000,33249,1.24,0.33,1.29,0.23,1739250000000000000,4270
O:AAPL250214P00227500,31176,2.09,0.63,2.12,0.4,1739250000000000000,4748
O:AAPL250214P00230000,56213,3.35,1.18,3.35,0.74,1739250000000000000,8111
O:AAPL250214P00232500,33822,4.95,2.13,5.2,1.32,1739250000000000000,6045
O:AAPL250214P00235000,18028,6.02,3.5,6.75,2.27,1739250000000000000,3068
O:AAPL250214P00237500,2791,6.95,5.67,8.05,3.67,1739250000000000000,277
O:AAPL250214P00240000,1114,12.25,7.45,12.25,5.47,1739250000000000000,236
O:AAPL250214P00242500,131,12.46,10,12.46,7.7,1739250000000000000,23
O:AAPL250214P00245000,315,15.08,11.75,15.08,9.9,1739250000000000000,104
O:AAPL250214P00247500,3,17.2,14.25,17.2,12.75,1739250000000000000,3
O:AAPL250214P00250000,211,19.85,17,20.35,15.5,1739250000000000000,38
O:AAPL250214P00252500,10,22.57,18.8,22.57,18.7,1739250000000000000,6
O:AAPL250214P00255000,66,24.57,22.15,24.57,20.3,1739250000000000000,25
O:AAPL250214P00260000,132,28.75,27.2,28.75,25.39,1739250000000000000,9
O:AAPL250214P00280000,1,50.35,50.35,50.35,50.35,1739250000000000000,1
O:AAPL250221C00110000,1,123.8,123.8,123.8,123.8,1739250000000000000,1
O:AAPL250221C00150000,26,84.19,83.91,84.19,83.91,1739250000000000000,3
O:AAPL250221C00155000,1,79.64,79.64,79.64,79.64,1739250000000000000,1
O:ACHR250314C00009500,530,1.39,1.29,1.61,1.05,1739250000000000000,82
O:ACHR250314C00010000,665,1.13,1.09,1.4,0.9,1739250000000000000,108
O:ACHR250314C00010500,38,0.9,1.06,1.18,0.79,1739250000000000000,17
O:ACHR250314C00011000,298,0.73,1.03,1.06,0.73,1739250000000000000,32
O:ACHR250314C00011500,19,0.75,0.78,0.86,0.7,1739250000000000000,9
O:ACHR250314C00012000,490,0.57,0.6,0.78,0.47,1739250000000000000,25
O:ACHR250314C00012500,273,0.41,0.54,0.7,0.4,1739250000000000000,18
O:ACHR250314C00013000,88,0.35,0.51,0.51,0.35,1739250000000000000,5
O:ACHR250314C00014000,81,0.45,0.41,0.45,0.39,1739250000000000000,6
O:ACHR250314C00015000,38,0.23,0.3,0.32,0.23,1739250000000000000,20
O:ACHR250314C00017500,1,0.14,0.14,0.14,0.14,1739250000000000000,1
O:ACHR250314C00020000,14,0.11,0.11,0.11,0.11,1739250000000000000,2
O:ACHR250314P00006500,1,0.18,0.18,0.18,0.18,1739250000000000000,1
O:ACHR250314P00007000,506,0.25,0.31,0.34,0.23,1739250000000000000,15
O:ACHR250314P00007500,6,0.41,0.46,0.47,0.41,1739250000000000000,4
O:ACHR250314P00008000,291,0.64,0.64,0.65,0.48,1739250000000000000,32
O:ACHR250314P00008500,23,0.74,0.9,0.9,0.65,1739250000000000000,7
O:ACHR250314P00009000,115,0.98,1.11,1.12,0.89,1739250000000000000,20
O:ACHR250314P00009500,94,1,1.4,1.4,1,1739250000000000000,8
O:ACHR250314P00010000,5,1.56,1.56,1.56,1.56,1739250000000000000,2
O:ACHR250314P00010500,1,2.06,2.06,2.06,2.06,1739250000000000000,1
O:ACHR250314P00011000,4,2.15,2.49,2.49,2.15,1739250000000000000,2
O:ACHR250314P00012000,3,2.76,2.76,2.76,2.76,1739250000000000000,1
O:ACHR250321C00003000,3,6.45,6.45,6.45,6.45,1739250000000000000,3
O:ACHR250321C00004000,1,5.7,5.7,5.7,5.7,1739250000000000000,1
O:ACHR250321C00005000,6,4.6,4.4,4.6,4.4,1739250000000000000,2
O:ACHR250321C00006000,82,3.55,3.65,4.05,3.35,1739250000000000000,10
O:ACHR250321C00007000,16,2.7,2.69,3.2,2.66,1739250000000000000,12
O:ACHR250321C00008000,2285,2.24,2.08,2.54,1.98,1739250000000000000,236
O:ACHR250321C00009000,304,1.8,1.58,1.91,1.36,1739250000000000000,80
O:ACHR250321C00010000,7693,1.15,1.2,1.5,0.8,1739250000000000000,664
O:ACHR250321C00011000,869,0.9,0.9,1.15,0.71,1739250000000000000,136
O:ACHR250321C00012000,1107,0.66,0.68,0.89,0.5,1739250000000000000,172
O:ACHR250321C00013000,936,0.48,0.55,0.71,0.39,1739250000000000000,66
O:ACHR250321C00014000,312,0.17,0.45,0.55,0.17,1739250000000000000,33
O:ACHR250321C00015000,282,0.29,0.35,0.45,0.19,1739250000000000000,32
O:ACHR250321C00016000,1101,0.24,0.3,0.35,0.18,1739250000000000000,56
O:ACHR250321C00020000,7,0.09,0.17,0.17,0.09,1739250000000000000,3
O:ACHR250321P00006000,4,0.13,0.15,0.16,0.12,1739250000000000000,4
O:ACHR250321P00007000,448,0.35,0.36,0.37,0.27,1739250000000000000,43
O:ACHR250321P00008000,1275,0.51,0.73,0.74,0.44,1739250000000000000,252
O:ACHR250321P00009000,1309,0.92,1.25,1.25,0.92,1739250000000000000,120
O:ACHR250321P00010000,366,1.25,1.87,1.87,1.25,1739250000000000000,103
O:ACHR250321P00011000,199,2.09,2.52,2.52,2.06,1739250000000000000,21
O:ACHR250321P00012000,13,3.16,3.28,3.35,3.16,1739250000000000000,4
O:ACHR250328C00005000,3,5.3,4.75,5.3,4.75,1739250000000000000,2
O:ACHR250328C00006000,8,3.71,3.8,3.85,3.71,1739250000000000000,5
O:ACHR250328C00006500,8,3.34,3.2,3.34,3.2,1739250000000000000,3
O:ACHR250328C00007000,11,3.15,3.18,3.18,3.15,1739250000000000000,2
O:ACHR250328C00008000,34,2.29,2.19,2.29,1.97,1739250000000000000,8
O:ACHR250328C00008500,29,1.99,2.01,2.3,1.98,1739250000000000000,11
O:ACHR250328C00009000,96,2.05,1.7,2.05,1.49,1739250000000000000,20
O:ACHR250328C00009500,407,1.5,1.51,1.77,1.25,1739250000000000000,68
O:ACHR250328C00010000,268,1.64,1.35,1.64,1.16,1739250000000000000,43
O:ACHR250328C00010500,40,1.13,1.16,1.42,1,1739250000000000000,16
O:ACHR250328C00011000,24,0.95,1.09,1.2,0.95,1739250000000000000,7
O:ACHR250328C00011500,24,0.76,0.94,1.08,0.76,1739250000000000000,14
O:ACHR250328C00012000,61,0.62,0.85,1,0.62,1739250000000000000,9
O:ACHR250328C00012500,19,0.75,0.79,1.04,0.75,1739250000000000000,6
O:ACHR250328C00013500,6,0.5,0.65,0.65,0.26,1739250000000000000,3
O:ACHR250328C00014000,20,0.65,0.65,0.65,0.65,1739250000000000000,1
O:ACHR250328C00015000,8,0.5,0.5,0.5,0.46,1739250000000000000,7
O:ACHR250328C00016000,62,0.34,0.4,0.4,0.34,1739250000000000000,3
O:ACHR250328P00006500,1,0.24,0.24,0.24,0.24,1739250000000000000,1
O:ACHR250328P00007000,112,0.4,0.42,0.45,0.4,1739250000000000000,4
O:ACHR250328P00007500,12,0.35,0.59,0.59,0.35,1739250000000000000,3
O:ACHR250328P00008000,11,0.49,0.64,0.68,0.49,1739250000000000000,6
O:ACHR250328P00008500,16,0.93,0.92,0.93,0.9,1739250000000000000,3
O:ACHR250328P00009000,20,1.12,1.28,1.28,1,1739250000000000000,9
O:ACHR250328P00009500,202,1.31,1.55,1.55,1.31,1739250000000000000,17
O:ACHR250328P00010000,32,1.63,1.97,1.97,1.63,1739250000000000000,5
O:ACHR250417C00002000,4,7.45,7.8,7.8,7.45,1739250000000000000,2
O:ACHR250417C00003000,1,6.55,6.55,6.55,6.55,1739250000000000000,1
O:ACHR250417C00004000,9,5.75,5.55,5.75,5.5,1739250000000000000,8
O:ACHR250417C00005000,36,4.5,4.65,4.8,4.5,1739250000000000000,10
O:ACHR250417C00006000,47,4.35,3.8,4.35,3.52,1739250000000000000,22
O:ACHR250417C00007000,35,2.88,2.95,3.23,2.88,1739250000000000000,17
O:ACHR250417C00008000,340,2.51,2.34,2.74,2.15,1739250000000000000,56
O:ACHR250417C00009000,755,1.92,1.9,2.22,1.66,1739250000000000000,147
O:ACHR250417C00010000,6111,1.52,1.52,1.81,1.22,1739250000000000000,561
O:ACHR250417C00011000,783,1.1,1.23,1.49,0.95,1739250000000000000,123
O:ACHR250417C00012000,2008,0.92,1.02,1.2,0.72,1739250000000000000,228
O:ACHR250417C00013000,241,0.75,0.82,0.99,0.62,1739250000000000000,49
O:ACHR250417C00014000,277,0.7,0.69,0.84,0.46,1739250000000000000,47
O:ACHR250417C00015000,1146,0.52,0.56,0.7,0.43,1739250000000000000,131
O:ACHR250417C00016000,78,0.4,0.47,0.57,0.36,1739250000000000000,22
O:ACHR250417C00017000,31,0.41,0.47,0.5,0.41,1739250000000000000,6
O:ACHR250417C00018000,69,0.3,0.39,0.42,0.3,1739250000000000000,20
O:ACHR250417C00019000,502,0.21,0.3,0.3,0.21,1739250000000000000,9
O:ACHR250417C00020000,252,0.23,0.3,0.41,0.19,1739250000000000000,32
O:ACHR250417P00003000,15,0.02,0.02,0.02,0.02,1739250000000000000,1
O:ACHR250417P00004000,2001,0.05,0.05,0.05,0.05,1739250000000000000,32
O:ACHR250417P00005000,21,0.14,0.13,0.14,0.12,1739250000000000000,4
O:ACHR250417P00006000,80,0.3,0.3,0.3,0.3,1739250000000000000,1
O:ACHR250417P00007000,103,0.47,0.59,0.59,0.46,1739250000000000000,24
O:ACHR250417P00008000,90,0.8,0.99,1,0.8,1739250000000000000,10
O:ACHR250417P00009000,413,1.15,1.47,1.52,1.06,1739250000000000000,32
O:ACHR250417P00010000,107,1.87,2.08,2.1,1.85,1739250000000000000,10
O:ACHR250417P00011000,73,2.51,2.8,2.8,2.51,1739250000000000000,11
O:ACHR250417P00012000,54,3.35,3.25,3.35,3.25,1739250000000000000,7
O:ACHR250417P00016000,2,7,7,7,7,1739250000000000000,1
O:ACHR250718C00001000,6,8.82,8.6,8.82,8.6,1739250000000000000,3
O:ACHR250718C00003000,21,6.83,6.5,6.83,6.5,1739250000000000000,4
O:ACHR250718C00004000,3,6.1,5.94,6.1,5.94,1739250000000000000,2
O:ACHR250718C00005000,6,4.95,5.35,5.35,4.7,1739250000000000000,4
O:ACHR250718C00006000,8,4.25,4.35,4.35,4.02,1739250000000000000,4
O:ACHR250718C00007000,161,3.85,3.58,3.95,3.45,1739250000000000000,42
O:ACHR250718C00008000,227,3.25,3.15,3.45,2.84,1739250000000000000,43
O:ACHR250718C00009000,424,2.71,2.65,3,2.43,1739250000000000000,78
O:ACHR250718C00010000,1580,2.3,2.34,2.66,2.02,1739250000000000000,281
O:ACHR250718C00011000,984,1.97,2.06,2.28,1.78,1739250000000000000,163
O:ACHR250718C00012000,3453,1.67,1.81,2.09,1.5,1739250000000000000,436
O:ACHR250718C00013000,98,1.44,1.62,1.8,1.3,1739250000000000000,43
O:ACHR250718C00014000,8485,1.5,1.42,1.65,1.4,1739250000000000000,628
O:ACHR250718C00015000,412,1.19,1.26,1.45,0.94,1739250000000000000,69
O:ACHR250718C00016000,12,1.03,1.31,1.31,1.03,1739250000000000000,7
O:ACHR250718C00017000,4,1.04,1.14,1.14,1.04,1739250000000000000,3
O:ACHR250718C00018000,18,0.82,0.99,1.02,0.82,1739250000000000000,7
O:ACHR250718C00019000,50,0.72,0.81,0.93,0.72,1739250000000000000,9
O:ACHR250718C00020000,191,0.64,0.76,0.89,0.58,1739250000000000000,41
O:ACHR250718P00003000,3,0.12,0.09,0.12,0.09,1739250000000000000,3
O:ACHR250718P00004000,1,0.2,0.2,0.2,0.2,1739250000000000000,1
O:ACHR250718P00005000,6,0.35,0.4,0.4,0.35,1739250000000000000,2
O:ACHR250718P00006000,23,0.65,0.71,0.71,0.65,1739250000000000000,4
O:ACHR250718P00007000,60,0.97,1.1,1.13,0.95,1739250000000000000,13
O:ACHR250718P00008000,41,1.34,1.64,1.64,1.34,1739250000000000000,21
O:ACHR250718P00009000,695,2.08,2.15,2.2,2.05,1739250000000000000,44
O:ACHR250718P00010000,5,2.59,2.85,2.85,2.53,1739250000000000000,4
O:ACHR250718P00011000,3,3.15,3.52,3.52,3.15,1739250000000000000,3
O:ACHR250718P00012000,2,3.9,4.15,4.15,3.9,1739250000000000000,2
O:ACHR250718P00013000,1,4.65,4.65,4.65,4.65,1739250000000000000,1
O:ACHR260116C00002500,10,7.4,7.15,7.45,7,1739250000000000000,7
O:ACHR260116C00003000,55,6.63,6.64,7.1,6.63,1739250000000000000,9
O:ACHR260116C00003500,20,6.3,6.4,7.4,6.3,1739250000000000000,10
O:ACHR260116C00005000,145,5.4,5.35,5.85,5.3,1739250000000000000,43
O:ACHR260116C00007000,290,4.11,4.38,4.75,4.1,1739250000000000000,74
O:ACHR260116C00010000,1950,3.3,3.35,3.65,2.98,1739250000000000000,352
O:ACHR260116C00012000,1249,2.75,2.75,3.1,2.54,1739250000000000000,158
O:ACHR260116C00015000,295,2.38,2.23,2.43,1.88,1739250000000000000,88
O:ACHR260116C00017000,398,1.8,1.94,2.01,1.69,1739250000000000000,22
O:ACHR260116C00020000,752,1.4,1.59,1.89,1.3,1739250000000000000,90
O:ACHR260116P00003000,201,0.25,0.25,0.25,0.25,1739250000000000000,2
O:ACHR260116P00003500,2,0.37,0.37,0.37,0.37,1739250000000000000,2
O:ACHR260116P00005000,59,0.77,0.84,0.84,0.71,1739250000000000000,6
O:ACHR260116P00007000,45,1.57,1.75,1.78,1.31,1739250000000000000,21
O:ACHR260116P00010000,9,3.24,3.7,3.77,3.24,1739250000000000000,9
O:ACHR260116P00012000,53,4.76,5,5,4.76,1739250000000000000,5
O:ACHR260116P00015000,5,7.1,7.1,7.1,7.1,1739250000000000000,1
O:ACHR270115C00001000,3,8.65,9,9,8.65,1739250000000000000,2
O:ACHR270115C00002000,16,8,7.8,8.25,7.65,1739250000000000000,11
O:ACHR270115C00003000,32,7,7.2,7.65,7,1739250000000000000,8
O:ACHR270115C00004000,18,6.5,6.75,6.9,6.5,1739250000000000000,8
O:ACHR270115C00005000,366,6.75,6.16,6.75,5.9,1739250000000000000,160
O:ACHR270115C00007000,145,5.18,5.45,5.7,5.18,1739250000000000000,36
O:ACHR270115C00010000,476,4.6,4.55,4.9,4.25,1739250000000000000,107
O:ACHR270115C00012000,65,4.1,4.25,4.42,3.8,1739250000000000000,18
O:ACHR270115C00015000,223,3.95,3.6,3.95,3.23,1739250000000000000,32
O:ACHR270115C00017000,29,2.97,3.25,3.35,2.97,1739250000000000000,9
O:ACHR270115C00020000,412,3.22,2.93,3.26,2.55,1739250000000000000,81
O:ACHR270115P00005000,11,1.34,1.41,1.43,1.34,1739250000000000000,7
O:ACHR270115P00007000,26,2.39,2.53,2.53,2.36,1739250000000000000,4
O:ACHR270115P00010000,9,4.35,4.55,4.55,4.35,1739250000000000000,5
O:ACHR270115P00012000,4,5.7,5.87,5.87,5.7,1739250000000000000,2
O:ACHR270115P00015000,3,8.11,8.11,8.11,8.11,1739250000000000000,1
O:ACHV250221C00007500,650,0.1,0.04,0.1,0.04,1739250000000000000,2
O:ACHV250321C00005000,45,0.1,0.1,0.1,0.1,1739250000000000000,1
O:ACHV250620C00005000,7,0.6,0.4,0.6,0.4,1739250000000000000,2
O:ACHV250919C00002500,3,1.5,1.5,1.5,1.5,1739250000000000000,1
O:ACHV250919C00005000,6,0.8,0.65,0.85,0.65,1739250000000000000,3
O:ACI250214C00020500,1,0.52,0.52,0.52,0.52,1739250000000000000,1
O:ACI250214C00021000,7,0.26,0.37,0.37,0.15,1739250000000000000,6
O:ACI250214C00021500,111,0.05,0.1,0.1,0.05,1739250000000000000,3
O:ACI250214C00022500,14,0.05,0.05,0.05,0.05,1739250000000000000,1
O:ACI250214P00021000,14,0.25,0.12,0.25,0.1,1739250000000000000,5
O:ACI250214P00021500,30,0.42,0.37,0.42,0.37,1739250000000000000,2
O:ACI250221C00020000,38,1.1,1.17,1.22,1.1,1739250000000000000,8
O:ACI250221C00020500,215,0.61,0.75,0.76,0.59,1739250000000000000,9
O:ACI250221C00021000,199,0.3,0.4,0.4,0.3,1739250000000000000,3
O:ACI250221C00021500,76,0.15,0.15,0.17,0.15,1739250000000000000,7
O:ACI250221P00019500,1000,0.1,0.05,0.1,0.05,1739250000000000000,12
O:ACI250221P00020500,2,0.1,0.1,0.1,0.1,1739250000000000000,1
O:ACI250228C00019000,1,2.45,2.45,2.45,2.45,1739250000000000000,1
O:ACI250228C00021000,63,0.44,0.39,0.44,0.39,1739250000000000000,4
O:ACI250228C00021500,101,0.25,0.3,0.3,0.25,1739250000000000000,3
O:ACI250228P00020500,4,0.2,0.14,0.2,0.14,1739250000000000000,2
O:ACI250228P00021000,110,0.33,0.3,0.33,0.29,1739250000000000000,14
O:ACI250228P00021500,24,0.6,0.6,0.6,0.6,1739250000000000000,3
O:ACI250307C00021000,8,0.55,0.55,0.55,0.55,1739250000000000000,2
O:ACI250307C00021500,37,0.3,0.3,0.3,0.3,1739250000000000000,1
O:ACI250307P00020500,135,0.2,0.2,0.2,0.2,1739250000000000000,5
O:ACI250307P00021000,108,0.4,0.35,0.4,0.35,1739250000000000000,3
O:ACI250321C00021000,10,0.7,0.72,0.75,0.7,1739250000000000000,3
O:AEO250620P00013000,4,0.81,0.84,0.84,0.81,1739250000000000000,4
O:ACI250321P00020000,9,0.17,0.15,0.17,0.15,1739250000000000000,5
O:ACI250321P00021000,89,0.5,0.5,0.5,0.5,1739250000000000000,12
O:ACI250417C00021000,46,1,1,1,1,1739250000000000000,2
O:ACI250417C00022000,19,0.65,0.62,0.65,0.53,1739250000000000000,6
O:ACI250417C00023000,2,0.3,0.3,0.3,0.3,1739250000000000000,1
O:ACI250417P00017000,1000,0.15,0.1,0.15,0.1,1739250000000000000,12
O:ACI250417P00019000,50,0.2,0.2,0.2,0.2,1739250000000000000,3
O:ACI250417P00021000,51,0.7,0.75,0.75,0.7,1739250000000000000,2
O:ACI250417P00025000,3,3.8,3.8,3.8,3.8,1739250000000000000,1
O:ACI250718C00019000,4,2.76,2.76,2.76,2.76,1739250000000000000,1
O:ACI250718C00021000,51,1.45,1.45,1.45,1.45,1739250000000000000,6
O:ACI250718C00022000,17,0.99,1,1,0.99,1739250000000000000,3
O:ACI250718C00023000,2,0.63,0.63,0.63,0.63,1739250000000000000,1
O:ACI250718C00024000,538,0.4,0.4,0.4,0.4,1739250000000000000,9
O:ACI250718P00019000,25,0.45,0.45,0.45,0.45,1739250000000000000,2
O:ACI250718P00021000,300,1.15,1.15,1.15,1.15,1739250000000000000,7
O:ACI260116C00015000,49,6.49,6.49,6.49,6.47,1739250000000000000,3
O:ACI260116C00018000,2,4.1,4.1,4.1,4.1,1739250000000000000,1
O:ACI260116C00020000,6,2.73,2.83,2.83,2.73,1739250000000000000,2
O:ACI260116C00022000,401,1.75,1.87,1.87,1.75,1739250000000000000,13
O:ACI260116C00030000,21,0.3,0.2,0.3,0.2,1739250000000000000,2
O:ACI260116P00015000,1,0.2,0.2,0.2,0.2,1739250000000000000,1
O:ACI260116P00020000,2,1.35,1.35,1.35,1.35,1739250000000000000,1
O:ACI260116P00022000,201,2.35,2.35,2.35,2.35,1739250000000000000,24
O:ACI270115C00020000,1,3.8,3.8,3.8,3.8,1739250000000000000,1
O:ACI270115C00035000,13,0.4,0.2,0.4,0.2,1739250000000000000,4
O:ACIC250221C00012500,34,0.15,0.15,0.15,0.15,1739250000000000000,3
O:ACIC250221C00013500,1,0.05,0.05,0.05,0.05,1739250000000000000,1
O:ACIC250321C00012000,2,0.85,0.85,0.85,0.85,1739250000000000000,1
O:ACIC250321C00013000,3,0.49,0.5,0.5,0.49,1739250000000000000,2
O:ACIC250321C00014000,1,0.25,0.25,0.25,0.25,1739250000000000000,1
O:ACIC250321C00015000,1,0.1,0.1,0.1,0.1,1739250000000000000,1
O:ACIC250321P00012000,1,0.95,0.95,0.95,0.95,1739250000000000000,1
O:ACIC250516P00009500,1,0.45,0.45,0.45,0.45,1739250000000000000,1
O:ACIC250815C00012500,2,1.65,1.65,1.65,1.65,1739250000000000000,1
O:ACIC250815C00016500,2,0.58,0.58,0.58,0.58,1739250000000000000,1
O:ACIU250516C00005000,1,0.1,0.1,0.1,0.1,1739250000000000000,1
O:ACIU250516C00007500,13,0.05,0.05,0.05,0.05,1739250000000000000,1
O:ACIW250221C00055000,11,0.38,0.5,0.5,0.38,1739250000000000000,2
O:ACIW250321C00055000,1,1.65,1.65,1.65,1.65,1739250000000000000,1
O:ACLS250221C00050000,9,11,11.9,11.9,10.5,1739250000000000000,5
O:ACLS250221C00055000,64,4.7,5.05,7.33,4.1,1739250000000000000,15
O:ACLS250221C00060000,257,2.13,1.89,4.2,1.35,1739250000000000000,73
O:ACLS250221C00065000,316,1.15,0.5,1.58,0.33,1739250000000000000,87
O:ACLS250221C00070000,400,0.45,0.16,0.6,0.05,1739250000000000000,79
O:ACLS250221C00075000,451,0.1,0.1,0.15,0.05,1739250000000000000,55
O:ACLS250221C00080000,24,0.05,0.04,0.1,0.01,1739250000000000000,15
O:ACLS250221C00085000,3,0.02,0.03,0.05,0.02,1739250000000000000,3
O:ACLS250221C00090000,9,0.04,0.02,0.05,0.02,1739250000000000000,4
O:ACLS250221C00095000,2,0.03,0.03,0.03,0.03,1739250000000000000,1
O:ACLS250221P00045000,8,0.09,0.03,0.09,0.03,1739250000000000000,8
O:ACLS250221P00050000,200,0.1,0.13,0.35,0.1,1739250000000000000,43
O:ACLS250221P00055000,102,0.54,0.95,1.05,0.35,1739250000000000000,45
O:ACLS250221P00060000,382,1.85,2.27,3.5,1.4,1739250000000000000,93
O:ACLS250221P00065000,388,4.82,6.15,7.4,3.6,1739250000000000000,102
O:ACLS250221P00070000,175,9,10.7,12.15,8.62,1739250000000000000,56
O:ACLS250221P00075000,7,15.63,16.99,16.99,15.63,1739250000000000000,3
O:ACLS250221P00080000,1,21.3,21.3,21.3,21.3,1739250000000000000,1
O:ACLS250321C00055000,10,8.7,5.9,8.7,5.9,1739250000000000000,4
O:ACLS250321C00060000,51,5,3.6,5.8,3.4,1739250000000000000,16
O:ACLS250321C00065000,71,2.55,2.2,3.6,1.79,1739250000000000000,26
O:ACLS250321C00070000,188,1.6,1,2,0.85,1739250000000000000,30
O:ACLS250321C00075000,89,1,0.5,1,0.4,1739250000000000000,58
O:ACLS250321C00080000,136,0.85,0.24,0.85,0.22,1739250000000000000,53
O:ACLS250321C00085000,3,0.24,0.2,0.24,0.2,1739250000000000000,2
O:ACLS250321C00090000,8,0.05,0.1,0.1,0.05,1739250000000000000,7
O:ACLS250321C00095000,10,0.2,0.15,0.2,0.15,1739250000000000000,6
O:ACLS250321C00100000,446,0.1,0.04,0.1,0.03,1739250000000000000,70
O:ACLS250321P00045000,13,0.42,0.35,0.45,0.35,1739250000000000000,3
O:ACLS250321P00050000,289,0.99,1,1.2,0.7,1739250000000000000,27
O:ACLS250321P00055000,212,1.92,2.15,2.65,1.35,1739250000000000000,36
O:ACLS250321P00060000,30,4,4.14,5,3.43,1739250000000000000,20
O:ACLS250321P00065000,14,6.82,7.65,8.51,5.68,1739250000000000000,12
O:ACLS250321P00070000,7,9.7,12.64,12.68,9.7,1739250000000000000,5
O:ACLS250321P00075000,3,15,16.8,16.8,15,1739250000000000000,2
O:ACLS250321P00080000,3,19.8,18.76,19.8,18.76,1739250000000000000,3
O:ACLS250321P00085000,3,25,26.05,26.05,25,1739250000000000000,2
O:ACLS250321P00095000,1,36.27,36.27,36.27,36.27,1739250000000000000,1
O:ACLS250620C00040000,1,20.5,20.5,20.5,20.5,1739250000000000000,1
O:ACLS250620C00050000,2,12.7,12.3,12.7,12.3,1739250000000000000,2
O:ACLS250620C00055000,6,11.02,10,11.02,10,1739250000000000000,3
O:ACLS250620C00060000,24,7.6,7,9.75,7,1739250000000000000,12
O:ACLS250620C00065000,31,6,5.7,6,5.36,1739250000000000000,10
O:ACLS250620C00070000,170,5.56,3.8,5.56,3.8,1739250000000000000,19
O:ACLS250620C00075000,33,3.42,3,4.15,2.85,1739250000000000000,11
O:ACLS250620C00080000,28,2.28,2.22,2.85,2,1739250000000000000,11
O:ACLS250620C00085000,9,2.2,1.54,2.2,1.43,1739250000000000000,5
O:ACLS250620C00090000,4,1.55,1.3,1.6,1.3,1739250000000000000,4
O:ACLS250620C00095000,1,0.7,0.7,0.7,0.7,1739250000000000000,1
O:ACLS250620C00100000,18,0.65,0.5,0.65,0.5,1739250000000000000,9
O:ACLS250620C00105000,5,0.6,0.45,0.6,0.45,1739250000000000000,5
O:ACLS250620C00135000,103,0.3,0.12,0.3,0.1,1739250000000000000,4
O:ACLS250620C00150000,3,0.2,0.2,0.2,0.2,1739250000000000000,1
O:ACLS250620P00035000,2,0.44,0.44,0.44,0.44,1739250000000000000,1
O:ACLS250620P00040000,31,0.95,1.05,1.05,0.93,1739250000000000000,7
O:ACLS250620P00045000,11,1.85,2,2,1.85,1739250000000000000,2
O:ACLS250620P00050000,16,2.4,3.15,3.3,2.4,1739250000000000000,9
O:ACLS250620P00055000,4,4.95,5.4,5.4,4.95,1739250000000000000,3
O:ACLS250620P00060000,13,7.32,7.55,8.26,7.32,1739250000000000000,8
O:ACLS250620P00065000,2,10.2,10.23,10.23,10.2,1739250000000000000,2
O:ACLS250620P00070000,2,14.2,14.05,14.2,14.05,1739250000000000000,2
O:ACLS250620P00075000,6,18.75,17.94,18.75,17.94,1739250000000000000,2
O:ACLS250620P00105000,2,46.87,46.87,46.87,46.87,1739250000000000000,1
O:ACLS250620P00110000,3,52,52,52,52,1739250000000000000,1
O:ACLS250919C00040000,2,23.1,23.1,23.1,23.1,1739250000000000000,2
O:ACLS250919C00060000,17,10.97,10.37,10.97,9.84,1739250000000000000,3
O:ACLS250919C00070000,1,7.2,7.2,7.2,7.2,1739250000000000000,1
O:ACLS250919C00075000,1,5.8,5.8,5.8,5.8,1739250000000000000,1
O:ACLS250919C00080000,17,5.2,4.37,5.2,4.04,1739250000000000000,17
O:ACLS250919C00100000,5,1.8,1.8,1.8,1.8,1739250000000000000,4
O:ACLS250919C00110000,4,1.3,1.3,1.3,1.3,1739250000000000000,1
O:ACLS250919C00120000,3,0.8,0.75,0.8,0.75,1739250000000000000,3
O:ACLS250919P00035000,11,0.9,1.12,1.12,0.9,1739250000000000000,7
O:ACLS250919P00040000,4,1.75,1.6,1.75,1.6,1739250000000000000,2
O:ACLS250919P00045000,1,3.3,3.3,3.3,3.3,1739250000000000000,1
O:ACLS250919P00050000,15,4.1,3.8,4.1,3.8,1739250000000000000,2
O:ACLS250919P00055000,5,6.7,6.7,6.7,6.7,1739250000000000000,1
O:ACLS250919P00060000,4,8.5,9.3,9.3,8.5,1739250000000000000,2
O:ACLS250919P00065000,1,12.35,12.35,12.35,12.35,1739250000000000000,1
O:ACLS250919P00070000,5,15.6,15.6,15.6,15.6,1739250000000000000,1
O:ACLS250919P00075000,1,19.77,19.77,19.77,19.77,1739250000000000000,1
O:ACLS251219C00035000,1,28.5,28.5,28.5,28.5,1739250000000000000,1
O:ACLS251219C00050000,4,17.9,17.1,17.9,17.1,1739250000000000000,4
O:ACLS251219C00055000,3,14,14,14,14,1739250000000000000,2
O:ACLS251219C00060000,21,12.55,12.06,14.45,11.1,1739250000000000000,13
O:ACLS251219C00070000,22,9.6,8,10.5,8,1739250000000000000,7
O:ACLS251219C00080000,1,7.17,7.17,7.17,7.17,1739250000000000000,1
O:ACLS251219C00085000,1,4.71,4.71,4.71,4.71,1739250000000000000,1
O:ACLS251219C00090000,14,5.2,4.06,5.2,4.06,1739250000000000000,6
O:ACLS251219C00095000,7,3.48,3.16,3.5,3.16,1739250000000000000,4
O:ACLS251219C00110000,2,1.9,1.9,1.9,1.9,1739250000000000000,2
O:ACLS251219C00125000,2,0.55,0.55,0.55,0.55,1739250000000000000,1
O:ACLS251219C00145000,4,1.55,0.85,1.55,0.85,1739250000000000000,2
O:ACLS251219C00150000,2,0.6,0.6,0.6,0.6,1739250000000000000,2
O:ACLS251219P00035000,11,1.62,1.8,1.8,1.62,1739250000000000000,2
O:ACLS251219P00045000,3,4.08,4.12,4.12,4.08,1739250000000000000,2
O:ACLS251219P00050000,105,5.7,5.9,5.9,5.7,1739250000000000000,6
O:ACLS251219P00055000,3,7.97,8.58,8.58,7.97,1739250000000000000,3
O:ACLS251219P00060000,16,9.49,10.6,11.25,9.49,1739250000000000000,12
O:ACLS251219P00065000,2,13.6,13.6,13.6,13.6,1739250000000000000,1
O:ACLS251219P00070000,3,16.5,17.4,17.4,16.5,1739250000000000000,3
O:ACLS251219P00080000,16,23.9,24.2,24.2,23.06,1739250000000000000,4
O:ACLS251219P00085000,6,29.25,29.25,29.25,29.25,1739250000000000000,1
O:ACLS251219P00105000,7,46.2,46.2,46.2,46.2,1739250000000000000,1
O:ACLX250221C00070000,5,0.85,0.85,0.85,0.85,1739250000000000000,1
O:ACLX250221C00075000,6,0.3,0.05,0.3,0.05,1739250000000000000,2
O:ACLX250321C00075000,3,0.8,0.95,0.95,0.8,1739250000000000000,2
O:ACLX250516C00095000,1,1.2,1.2,1.2,1.2,1739250000000000000,1
O:ACLX250516C00100000,1,1.05,1.05,1.05,1.05,1739250000000000000,1
O:ACLX250516P00050000,2,1.65,1.55,1.65,1.55,1739250000000000000,2
O:ACLX250516P00065000,20,6.5,6.6,6.7,6.5,1739250000000000000,14
O:ACLX250516P00070000,26,9.4,9.3,9.4,9.2,1739250000000000000,16
O:ACM250221C00105000,5,2.5,2.5,2.5,2.5,1739250000000000000,1
O:ACM250221C00110000,26,0.05,0.35,0.35,0.05,1739250000000000000,2
O:ACM250221C00115000,3,0.2,0.2,0.2,0.2,1739250000000000000,1
O:ACM250221P00105000,2,0.9,0.9,0.9,0.9,1739250000000000000,2
O:ACM250321C00100000,15,8.09,8.07,8.09,8.07,1739250000000000000,3
O:ACM250321C00105000,11,4.5,4.4,4.5,4.4,1739250000000000000,3
O:AEO250228P00012000,4,0.2,0.2,0.2,0.2,1739250000000000000,1
O:AEO250228P00012500,4,0.05,0.05,0.05,0.05,1739250000000000000,2
O:AEO250228P00013000,2,0.07,0.08,0.08,0.07,1739250000000000000,2
O:AEO250228P00013500,155,0.13,0.14,0.15,0.13,1739250000000000000,7
O:AEO250228P00014000,29,0.26,0.26,0.26,0.26,1739250000000000000,1
O:AEO250228P00014500,13,0.41,0.45,0.45,0.41,1739250000000000000,2
O:AEO250228P00018000,3,3.45,3.55,3.55,3.45,1739250000000000000,2
O:AEO250307C00016000,1,0.39,0.39,0.39,0.39,1739250000000000000,1
O:AEO250307C00017000,8,0.21,0.17,0.21,0.17,1739250000000000000,4
O:AEO250307P00013000,40,0.31,0.31,0.31,0.31,1739250000000000000,1
O:AEO250307P00015000,1,1.07,1.07,1.07,1.07,1739250000000000000,1
O:AEO250307P00016000,6,1.61,1.68,1.68,1.61,1739250000000000000,2
O:AEO250314C00018000,1,0.11,0.11,0.11,0.11,1739250000000000000,1
O:AEO250314P00014000,2,0.61,0.61,0.61,0.61,1739250000000000000,2
O:AEO250314P00015000,19,1.07,1.11,1.11,1.07,1739250000000000000,10
O:AEO250321C00015000,13,0.98,0.87,0.98,0.87,1739250000000000000,9
O:AEO250321C00016000,9,0.5,0.5,0.54,0.5,1739250000000000000,4
O:AEO250321C00017000,9,0.26,0.22,0.26,0.22,1739250000000000000,3
O:AEO250321C00018000,26,0.14,0.11,0.14,0.11,1739250000000000000,7
O:AEO250321C00019000,2,0.07,0.07,0.07,0.07,1739250000000000000,1
O:AEO250321P00011000,100,0.08,0.08,0.08,0.08,1739250000000000000,1
O:AEO250321P00013000,57,0.34,0.36,0.36,0.33,1739250000000000000,4
O:AEO250321P00014000,190,0.62,0.69,0.69,0.62,1739250000000000000,26
O:AEO250321P00015000,41,1.11,1.2,1.2,1.11,1739250000000000000,15
O:AEO250321P00016000,12,1.61,1.92,1.92,1.61,1739250000000000000,4
O:AEO250321P00020000,1,5.42,5.42,5.42,5.42,1739250000000000000,1
O:AEO250328C00009000,1,5.6,5.6,5.6,5.6,1739250000000000000,1
O:AEO250328P00013000,1,0.39,0.39,0.39,0.39,1739250000000000000,1
O:AEO250516C00012000,1,3.04,3.04,3.04,3.04,1739250000000000000,1
O:AEO250516C00016000,1,0.77,0.77,0.77,0.77,1739250000000000000,1
O:AEO250516C00017000,16,0.58,0.52,0.58,0.52,1739250000000000000,2
O:AEO250516C00019000,5,0.23,0.23,0.23,0.23,1739250000000000000,2
O:AEO250516C00021000,1,0.1,0.1,0.1,0.1,1739250000000000000,1
O:AEO250516C00024000,2,0.2,0.2,0.2,0.2,1739250000000000000,1
O:AEO250516P00011000,1,0.23,0.23,0.23,0.23,1739250000000000000,1
O:AEO250516P00012000,4,0.38,0.4,0.4,0.38,1739250000000000000,3
O:AEO250516P00016000,3,2.13,2.12,2.13,2.12,1739250000000000000,2
O:AEO250516P00018000,1,3.67,3.67,3.67,3.67,1739250000000000000,1
O:AEO250620C00014000,46,2.07,2.07,2.07,2.07,1739250000000000000,2
O:AEO250620C00015000,53,1.56,1.43,1.56,1.43,1739250000000000000,5
O:AEO250620C00016000,8,1.14,1.14,1.14,1.14,1739250000000000000,2
O:AEO250620C00017000,1,0.78,0.78,0.78,0.78,1739250000000000000,1
O:AEO250620C00018000,38,0.58,0.58,0.58,0.58,1739250000000000000,1
O:AEO250620C00019000,10,0.39,0.41,0.41,0.37,1739250000000000000,10
O:AEO250620C00020000,10,0.3,0.26,0.3,0.25,1739250000000000000,10
O:AEO250620C00023000,25,0.1,0.1,0.1,0.1,1739250000000000000,1
O:AEO250620C00024000,5,0.12,0.12,0.12,0.12,1739250000000000000,1
O:AEO250620P00010000,8,0.22,0.2,0.25,0.2,1739250000000000000,8
O:AEO250620P00011000,8,0.3,0.36,0.38,0.3,1739250000000000000,8
O:AEO250620P00012000,5,0.57,0.59,0.59,0.55,1739250000000000000,5
O:AEO250620P00013000,4,0.81,0.84,0.84,0.81,1739250000000000000,4
O:AEO250620P00016000,1,2.16,2.16,2.16,2.16,1739250000000000000,1
O:AEO250815C00014000,1,2.25,2.25,2.25,2.25,1739250000000000000,1O: